element,count,ratio
H,1208486,0.5122418097583513
C,831925,0.3526286341614354
N,132498,0.05616202033731631
O,183265,0.07768066429016493
F,3036,0.0012868714527320586
