n,mean,std,min,p10,p25,median,p75,p90,p99,max
130831.0,2.672952864122978,1.5034735996271977,0.0,1.0328999757766724,1.5778000354766846,2.4753000736236572,3.5963499546051025,4.581500053405762,6.577540063858032,29.556400299072266
