n,mean,std,min,p10,p25,median,p75,p90,p99,max
130831.0,18.032499942674136,2.943703671942007,3.0,14.0,16.0,18.0,20.0,22.0,25.0,29.0
